Content,Actual_Label,Predicted_Label
"Wakil Presiden Gibran Rakabuming Raka mengungkapkan isi pembicaraan saat makan siang bersama dua Pakubuwono (PB) XIV, yakni PB XIV Purbaya dan PB XIV Mangkubumi, di Kota Solo, Jumat (16/1). Gibran menjelaskan kedatangannya ke Solo awalnya untuk menghadiri pernikahan sepupunya, Adinda Istiqfarinna. Setelah itu, ia melaksanakan salat Jumat di Masjid Agung Solo sebelum melanjutkan makan siang bersama sejumlah tokoh Keraton Kasunanan Surakarta. ""Hari ini setelah menghadiri ijab kabul saudara saya, kita jumatan. (Ada) Pak Wali, Gusti Ngabehi, Gusti Purboyo, Gusti Tedjowulan semua,"" ujar Gibran kepada awak media. Makan siang tersebut berlangsung di sebuah rumah makan yang lokasinya tidak jauh dari Masjid Agung Solo. Dalam suasana santai sambil menyantap hidangan sate dan tongseng, Gibran mengaku membahas berbagai hal terkait kondisi Kota Solo dan Keraton Kasunanan Surakarta. ""Lalu tadi kita makan sate, tongseng sebentar, sambil membicarakan kondisi Kota Solo dan juga Keraton,"" ucapnya. Dalam kesempatan itu, Gibran juga menitipkan pesan agar kondusivitas Kota Solo terus dijaga. Ia meminta pemerintah daerah dan pihak terkait untuk merawat aset-aset yang telah dibangun serta menjaga kekayaan budaya yang dimiliki Solo. ""Kami titip ke Pak Wali, mohon selalu dijaga kondusifitasnya, aset-aset yang sudah terbangun mohon bisa ter-maintain dengan baik. Kota Solo yang kaya akan kebudayaan tolong dijaga semua, intinya itu,"" kata Gibran. Sebelumnya diberitakan, makan siang tersebut dilakukan usai salat Jumat di Masjid Agung Solo. Gibran bersama rombongan kemudian berjalan menuju rumah makan Sate Kambing Pak Joko yang berada di sisi barat masjid. Dalam perjalanan menuju lokasi, Gibran menyempatkan diri menyapa warga. Ia terlihat berjabat tangan dan melayani permintaan foto bersama dari masyarakat. Setibanya di rumah makan, Gibran duduk berdampingan dengan PB XIV Mangkubumi, PB XIV Purbaya, serta Mahamenteri KGPA Tedjowulan. Baca selengkapnya di sini .",Politik,Peristiwa
"Menteri Kebudayaan (Menbud) Fadli Zon menegaskan bahwa pemerintah tak ikut campur dalam urusan internal soal dualisme kepemimpinan Keraton Solo antara SISKS Pakubuwono XIV Purbaya maupun SISKS Pakubuwono XIV Mangkubumi. Dalam rapat di Komisi X DPR, Fadli menegaskan kehadirannya beberapa waktu lalu ke kompleks Keraton hanya untuk urusan pemeliharaan cagar budaya. ""Kita intervensi terutama untuk cagar budayanya, tapi bukan untuk yang terkait dengan urusan internal keraton keluarga,"" ujar Fadli dalam rapat, Rabu (21/1). Pada kesempatan itu, Fadli sekaligus meluruskan polemik pemberian SK Menteri Kebudayaan tentang Pemanfaatan Cagar Budaya Keraton Surakarta. Menurut Fadli, SK itu sebelumnya diserahkan atas nama pribadi. Ke depan, pihaknya ingin ada pertanggungjawaban dalam pengelolaan kompleks maupun museum Keraton Solo. Oleh karenanya, dia menunjuk penanggung jawab, yakni Gusti Tedjowulan sebagai penerima mandat dari Kementerian Kebudayaan. ""Beliau termasuk salah satu yang senior dan juga kita anggap bisa menjadi fasilitator dan bersedia untuk menjadi pelaksana atas nama pemerintah pusat,"" ujar Fadli. Sebagai cagar budaya, Fadli menilai Keraton Solo tetap harus dijaga dan dipelihara. Apalagi, dia mendengar sebelumnya ada aksi saling gembok museum, serta beberapa area yang tidak terawat. ""Karena ada aksi saling menggembok dan lain-lain, bahkan kita udah membuat revitalisasi museum baru 25 persen, setelah itu digembok lagi jadi belum selesai juga ini museumnya,"" ujar dia. Di waktu yang sama, SISKS, Pakubuwono XIV Purbaya dan keluarga menemui Wakil Ketua DPR Sufmi Dasco Ahmad di kompleks parlemen. Purbaya datang bersama ibunya, Gusti Kanjeng Ratu (GKR) Asih Winarni dan sang kakak Gusti Kanjeng Ratu Anom Sekarjati. Mereka diterima Dasco di ruang pimpinan DPR, ditemani Ketua MPR Ahmad Muzani. ""Kami di sini berniat bersilaturahmi diberikan masukan-masukan juga tetap supaya nanti keraton bisa tetap berjalan dengan baik dan selalu pasti ada musyawarah,"" ujar Purbaya usai pertemuan.",Peristiwa,Politik
"Ketua Komisi III DPR RI Habiburokhman mengaku mendengar informasi jika keluarga penjambret meminta uang kerahiman kepada pihak Hogi Minaya yang dijadikan tersangka oleh Polresta Sleman, DIY. Hogi sebelumnya ditetapkan sebagai tersangka usai dua penjambret istrinya meninggal karena ditabrak usai dikejar dirinya yang memakai mobil. Hal itu disampaikan Habiburokhman saat membuka rapat Komisi III DPR dengan jajaran Kapolresta dan Kajari Sleman di kompleks parlemen, Jakarta, Rabu (28/1). Saat membuka rapat itu, Habiburokhman mengaku telah berkomunikasi dengan Jampidum Kejagung untuk mencari solusi dari peristiwa itu. Solusinya adalah penerapan keadilan restoratif ( restorative justice/ RJ). ""Saya katakan bagaimana itu solusinya, pak? 'Solusinya RJ. Tapi ada keluarga korban keluarga penjambret ini kuasa hukumnya ada tuntutan semacam uang kerahiman'. Astagfirullah , ini orang sudah kebalik-balik logikanya, pak,"" kata Habiburokhman dalam rapat di Komisi III DPR itu. Menurutnya, kasus itu bisa dihentikan demi hukum, tidak perlu penerapan RJ. Habib mengatakan RJ bisa membuka kemungkinan adanya pemerasan lagi. ""Saya ngomong dengan Pak Jampidum, udah pak saya bilang KUHAP baru ada solusinya, 65 huruf m, jelas, bisa dihentikan demi hukum, nggak perlu RJ kalau begini. Bagaimana kita mengizinkan kalau kembali, nanti bisa diperas lagi ini. Sudah jadi korban, jadi tersangka, diperas lagi, astagfirullah, "" ujar politikus Gerindra itu. Dalam kesempatan yang sama, Kepala Kejaksaan Negeri (Kajari) Sleman, Bambang Yuniarto menjelaskan kuasa hukum penjambret meminta biaya seperti pengantaran jenazah hingga pemakaman diganti. Namun, dalam kesempatan itu, Bambang tak menjelaskan lugas soal angka nominal yang diminta kepada pihak Hogi. ""Biaya-biaya yang timbul seperti mengantar jenazah dari Jogja ke Palembang, biaya ambulans, biaya pemakaman. Dia tidak menyebut nilai. Selanjutnya pada pertemuan tanggal 27 kemarin, antara kuasa hukum sepakat mau bertemu empat mata besok di kantor Kejaksaan Negeri Sleman,"" kata Bambang.",Politik,Hukum Kriminal
"Anggota Komisi III DPR, Nasir Djamil mendesak agar bencana banjir hingga longsor di Aceh, Sumatera Utara, dan Sumatera Barat segera ditetapkan Presiden Prabowo Subianto sebagai bencana nasional. Nasir yang merupakan legislator dari dapil Aceh itu menyebut kondisi warga di wilayahnya kini kian memprihatinkan. Menurut dia, banjir telah menyebabkan banyak keluarga terjebak, akses darat terputus, dan distribusi bantuan belum mampu menjangkau seluruh titik terdampak. ""Jika tidak segera ditetapkan sebagai bencana nasional, saya khawatir jumlah korban akan terus bertambah. Dengan kerendahan hati, saya meminta dan mendorong Presiden Prabowo Subianto untuk menetapkan status tersebut,"" ujar Nasir dalam keterangannya, Jumat (28/11). Dia mengatakan langkah penanganan akan terhambat apabila pemerintah pusat tak kunjung menetapkan status bencana nasional. Akses jalur darat yang putus di beberapa wilayah menyebabkan kelangkaan kebutuhan pokok yang memperparah kondisi warga. Nasir menilai kondisi banjir di tiga provinsi itu telah memenuhi indikator yang diatur dalam regulasi kebencanaan Indonesia. Dia merujuk pada UU Nomor 24 Tahun 2007 tentang Penanggulangan Bencana, Peraturan Pemerintah Nomor 21 Tahun 2008 tentang Penyelenggaraan Penanggulangan Bencana, serta Peraturan Presiden Nomor 17 Tahun 2018 tentang Penyelenggaraan Penanggulangan Bencana dalam Keadaan Tertentu. Menurut dia, penetapan bencana nasional dapat dilakukan apabila terdapat korban dalam jumlah besar, kerugian material yang signifikan, cakupan wilayah terdampak yang luas lintas daerah, terganggunya fungsi pelayanan publik dan pemerintahan, serta menurunnya kemampuan daerah dalam menangani bencana. ""Melihat situasi banjir yang terjadi di banyak provinsi, kondisi tersebut telah dengan jelas memenuhi unsur-unsur yang disebutkan dalam peraturan tersebut,"" katanya. Di Sumatra Utara, status tanggap darurat diberlakukan selama 14 hari setelah lebih dari sepuluh kabupaten dan kota terdampak bencana. Aceh juga berada dalam masa tanggap darurat selama 14 hari setelah banjir dan longsor menerjang 16 kabupaten dan kota. Lebih dari 119 ribu jiwa terdampak, lebih dari 20 ribu warga mengungsi, dan korban meninggal serta hilang masih dilaporkan. Di Sumatra Barat, banjir bandang dan longsor melanda beberapa wilayah seperti Kota Solok dan Kabupaten Agam, dengan ratusan keluarga mengungsi dan korban meninggal yang terus ditemukan tim SAR.",Politik,Peristiwa
"Dua orang tewas dan tiga lainnya terluka dalam kecelakaan tabrak lari di di Jalan Tanah Sereal IV, Tambora , Jakarta Barat, Jumat (2/1). Kepala Unit (Kanit) Penegakan Hukum (Gakkum) Satlantas Polres Metro Jakarta Barat AKP Joko Siswanto mengatakan insiden itu terjadi sekitar pukul 02.20 WIB. ""Telah terjadi kecelakaan lalu lintas dengan korban meninggal dunia dan luka-luka di Jalan Tanah Sereal IV, dekat Indomaret, wilayah Tambora, Jakarta Barat,"" kata Joko saat dikonfirmasi di Jakarta, Jumat. Dia menjelaskan kecelakaan itu bermula saat mobil minibus yang nomor polisi dan identitas pengemudinya belum diketahui melaju dari arah selatan menuju utara di Jalan Tanah Sereal IV. Setibanya di dekat mini market di daerah Tanah Sereal, mobil tersebut menabrak sepeda motor yang dikendarai remaja bernama Rai (17) yang juga tengah melaju searah dengan mobil tersebut. ""Saat itu, Rai sedang berboncengan tiga dengan dua rekannya, yaitu Valentino (19) dan Alfinza (16),"" ujar Joko. Setelah menabrak motor pertama, pengemudi mobil tersebut tidak berhenti dan malah menambah kecepatan untuk melarikan diri, dan kemudian menabrak kendaraan lain serta pejalan kaki. ""Selanjutnya, menabrak kendaraan motor Honda PCX yang dikendarai saudara Satrio, dan selanjutnya menabrak pejalan kaki atas nama Devran yang berjalan searah di depannya,"" ucap Joko. Akibat tabrakan itu, dua remaja dilaporkan meninggal dunia, yaitu Valentino, penumpang yang dibonceng di motor pertama, dan Satrio, pengendara motor Honda PCX yang ditabrak berikutnya. Valentino sempat dilarikan ke rumah sakit, namun nyawanya tidak tertolong dan meninggal dalam perawatan medis di RSUD Tarakan. ""Sementara saudara Satrio mengalami luka pada kepala, kaki, dan tangan memar, meninggal dunia di TKP (tempat kejadian perkara). Jenazah dievakuasi ke RSUD Kabupaten Tangerang,"" ungkap Joko. Sementara itu, tiga korban lainnya masih menjalani perawatan intensif di RSUD Tarakan akibat luka memar pada bagian kepala, tangan, dan kaki. Sampai dengan saat ini, polisi masih memburu pengemudi mobil minibus yang melarikan diri setelah kejadian tersebut. Barang bukti berupa satu unit sepeda motor Suzuki Smash bernomor polisi B-6388-CKC dan satu unit motor Honda PCX tanpa pelat nomor yang ringsek telah diamankan oleh petugas. ""Penyebab kecelakaan masih dalam proses penyelidikan. Identitas kendaraan mobil minibus juga belum diketahui,"" kata Joko.",Hukum Kriminal,Peristiwa
"Satgas Penertiban Kawasan Hutan (PKH) mendalami dugaan tindak pidana yang dilakukan oleh 28 perusahaan yang diduga menjadi 'biang kerok' bencana hidrometerologi banjir dan longsor di Sumatra. Ketua Harian Satgas PKH Febrie Adriansyah mengatakan pendalaman dilakukan setelah Presiden Prabowo Subianto resmi mencabut izin pemanfaatan hutan. ""Sekarang sedang didalami, baru selesai rapat kemarin. Tindak lanjut akan kita umumkan, proses pidananya sedang kita dalami,"" ujarnya kepada wartawan, dikutip Kamis (22/1). Sebelumnya Presiden Prabowo Subianto resmi mencabut izin 28 perusahaan yang terbukti melakukan pelanggaran kerusakan hutan dan memicu bencana banjir di Pulau Sumatra. Dari total perizinan yang dicabut, sebanyak 22 perusahaan masuk dalam kategori perusahaan berusaha pemanfaatan hutan atau PBPH hutan alam dan hutan tanaman seluas 1.010.592 hektare. Sementara itu, sebanyak 6 perusahaan masuk dalam kategori perusahaan di bidang tambang, perkebunan, dan perizinan berusaha pemanfaatan hasil hutan kayu (PBPHHK). Sementara itu, Kementerian Lingkungan Hidup juga mencabut persetujuan lingkungan yang sebelumnya telah dikeluarkan terhadap 28 perusahaan yang diduga menjadi penyebab bencana hidrometerologi banjir dan longsor di Sumatra. Wakil Menteri Lingkungan Hidup Diaz Hendropriyono menyebut pencabutan persetujuan itu dilakukan sebagai tindak lanjut keputusan Presiden Prabowo Subianto yang telah menarik kembali perizinan pemanfaatan hutan (PPBH). Diaz menjelaskan dari temuan yang ada, didapati bukti kuat bahwa para perusahaan itu gagal memenuhi kewajiban yang tertuang dalam UU Nomor 32 Tahun 2009 tentang Perlindungan dan Pengelolaan Lingkungan Hidup serta Peraturan Pemerintah Nomor 22 Tahun 2021. ""Ditemukan indikasi kuat bahwa aktivitas perusahaan tersebut secara signifikan memperparah dampak bencana hidrometeorologi yang merugikan masyarakat luas,"" tuturnya. ""Seluruh perusahaan tersebut kini kehilangan legalitas operasionalnya dari sisi lingkungan sebagai konsekuensi atas pelanggaran yang dilakukan,"" imbuhnya.",Hukum Kriminal,Politik
"Tim SAR gabungan berpacu dengan waktu untuk segera menemukan dan mengevakuasi seluruh korban kecelakaan pesawat ATR 42-500 di Gunung Bulusaraung, Desa Tompo Bulu, Kecamatan Ballocci, Kabupaten Pangkep, Sulawesi Selatan. Penemuan dan evakuasi korban idealnya dilakukan tidak melewati waktu tiga hari setelah kecelakaan atau golden time. Dalam konteks evakuasi, golden time tiga hari ini adalah waktu paling krusial menemukan dan mengevakuasi korban sebelum situasi semakin berbahaya. ""Kurang dari 24 jam sejak kejadian, tim SAR gabungan sudah berhasil menemukan lokasi jatuhnya pesawat. Saat ini kami memaksimalkan golden time pencarian, dengan harapan besar seluruh korban dapat ditemukan dan dievakuasi, khususnya dalam kondisi selamat,"" kata Kepala Basarnas RI, Marsekal Madya TNI Mohammad Syafii, Senin (19/1). Saat ini, kata Syafii tim SAR gabungan telah menemukan dua orang korban berjenis kelamin laki-laki dan perempuan sejak dilakukan operasi setelah ada laporan hilang kontak pesawat tersebut pada Sabtu (17/1). ""Perlu kami tegaskan bahwa proses identifikasi korban bukan menjadi kewenangan Basarnas, dan akan dilakukan oleh instansi yang berwenang sesuai prosedur,"" ungkapnya. Menurut Syafii, rata-rata korban ditemukan sekitar 200 meter hingga 500 meter dari puncak Gunung Bulusaraung. Tim SAR gabungan harus ekstra hati-hati dan menerapkan teknik evakuasi khusus. ""Tantangan terbesar yang dihadapi tim SAR gabungan saat ini adalah kondisi cuaca dan alam yang sangat ekstrem. Kabut tebal, medan terjal, serta perubahan cuaca yang cepat menjadi faktor penghambat utama dalam operasi,"" jelasnya. Syafii menegaskan bahwa Basarnas memprioritaskan evakuasi para korban melalui udara. Namun, langkah tersebut terhalang jarak pandang terbatas akibat kabut tebal di sekitar lokasi kejadian. ""Evakuasi melalui udara menjadi prioritas, tetapi hingga saat ini belum memungkinkan. Oleh karena itu, kami mengoptimalkan unsur darat yang secara bertahap melakukan pencarian dan upaya evakuasi,"" katanya. Saat ini, kata Syafii proses evakuasi masih terus berlangsung dan pencarian terhadap korban akan terus dilakukan, dengan memaksimalkan tim rescue darat yang telah mengenal dan menguasai jalur sementara terus berupaya menembus medan untuk menjangkau seluruh titik yang diduga menjadi lokasi korban. ""Ini adalah misi kemanusiaan. Seluruh personel SAR gabungan bekerja dengan penuh dedikasi, kehati-hatian, dan semangat kebersamaan,"" katanya.",Hukum Kriminal,Peristiwa
"Pengamat sekaligus Co-Founder Institute for Security and Strategic Studies (ISESS), Khairul Fahmi menyoroti langkah pemerintah yang tengah berupaya menyelaraskan kebutuhan TNI akan alat utama sistem senjata ( alutsista ) dengan kemampuan industri dalam negeri. Hal Ini dilakukan agar pengadaan tidak hanya memenuhi kebutuhan jangka pendek, tetapi juga memperkuat kapasitas produksi industri pertahanan dalam negeri secara nasional. ""Pemerintah mendorong agar industri pertahanan, baik BUMN maupun swasta, tidak berhenti pada fungsi perakitan. Arah kebijakannya adalah mendorong penguasaan teknologi, peningkatan kualitas SDM, dan penguatan rantai pasok dalam negeri secara bertahap dan berkelanjutan,"" kata Fahmi mengutip Antara , Jumat (23/1). Menurut Fahmi, salah satu tantangan utama mengembangkan industri pertahanan dalam negeri yakni memastikan kemandirian tidak berhenti pada tingkat perakitan. Dia menilai pengembangan industri pertahanan harus sesuai dengan UU Industri Pertahanan yang secara eksplisit mengamanatkan penguasaan teknologi, penguatan rantai pasok dalam negeri, serta peningkatan kualitas SDM sebagai tujuan jangka panjang. Dari segi fiskal, Fahmi menilai pembiayaan industri pertahanan tidak dapat sepenuhnya bergantung pada anggaran dan pendapatan belanja negara (APBN) saja. Menurut dia, anggaran pertahanan juga harus mengakomodasi pemeliharaan alutsista, kesiapan operasional, dan belanja rutin lainnya. Karena itu, kebijakan pemerintah mendorong pemanfaatan skema pembiayaan alternatif merupakan langkah rasional dan sesuai dengan praktik internasional. Saat ini pemerintah mulai mendorong skema pembiayaan alternatif. Salah satunya melalui kerja sama dengan perbankan nasional, khususnya bank BUMN, untuk mendukung pembiayaan proyek industri pertahanan. ""Dukungan sektor keuangan terhadap industri pertahanan sudah mulai terlihat, terutama dari perbankan nasional dan bank BUMN. Beberapa skema pembiayaan dan kerja sama sudah dijajaki untuk mendukung industri strategis ini,"" jelas Fahmi. Terpisah, Direktur Teknik PT Nanggala Kencana Rekatama Indonesia (PT NKRI), Zaenal, menekankan bahwa pengalaman historis Indonesia menunjukkan risiko dari ketergantungan terhadap pemasok asing, termasuk potensi embargo dan gangguan rantai pasok akibat konflik geopolitik. Karenanya, dia mendorong adanya kemandirian industri pertahanan untuk menciptakan sistem pertahanan yang kuat dan maju. Selain itu, kemampuan mandiri di sektor pertahanan menciptakan deterrent effect bagi pihak luar karena Indonesia dinilai mampu memasok kebutuhan militernya sendiri tanpa khawatir aksesnya ditutup oleh negara lain. ""Hal ini meningkatkan posisi tawar Indonesia secara diplomatis. Pemerintah Indonesia telah menempatkan kemandirian pertahanan sebagai visi strategis jangka panjang,"" ucapnya.",Hukum Kriminal,Peristiwa
"Anggota Komisi I DPR, TB Hasanuddin mengingatkan agar aparat tidak menggunakan cara kekerasan dalam merespons pengibaran bendera Bulan Bintang yang identik dengan Gerakan Aceh Merdeka ( GAM ) di beberapa wilayah di Aceh baru-baru ini. Hasanuddin menilai pemerintah dan aparat perlu melihat fenomena itu sebagai gejala sosial yang harus disikapi secara bijak, tenang, dan proporsional. ""Pengibaran bendera GAM ini merupakan gejala sosial. Kita berharap penyelesaiannya tidak dilakukan dengan kekerasan, apalagi menggunakan senjata. Pendekatan yang tepat adalah dialog dan langkah persuasif dengan sebaik-baiknya,"" ujar dia dalam keterangannya, Minggu (27/12). Politikus PDIP itu menilai pemerintah saat ini mestinya fokus pada penanganan dan rehabilitasi terhadap para korban bencana. Mereka dinilai lebih membutuhkan kehadiran negara ketimbang suasana yang memicu ketegangan. ""Masyarakat membutuhkan kehadiran negara untuk membantu mereka bangkit, bukan suasana yang justru berpotensi memicu ketegangan,"" katanya. Dia pun mengajak masyarakat untuk menahan diri dan tidak terpancing oleh provokasi yang dapat memperkeruh situasi. Hasanuddin mengingatkan pentingnya menjaga perdamaian Aceh yang dibangun melalui proses panjang dan pengorbanan besar. ""Perdamaian adalah aset yang sangat berharga. Mari kita jaga bersama dengan mengedepankan dialog, kemanusiaan, dan kepentingan rakyat Aceh,"" kata dia. Aksi pembubaran paksa yang dilakukan TNI terhadap iring-iringan warga sambil mengibarkan bendera GAM berbuntut panjang. Video itu sempat viral di media sosial pada 25-26 Desember. Kepala Pusat Penerangan TNI Mayjen (Mar) Freddy Ardianzah mengatakan dalam tindakannya, aparat TNI-Polri telah mengutamakan langkah persuasif dengan mengimbau agar aksi dihentikan dan bendera diserahkan. Namun, kata dia, imbauan itu tidak diindahkan, sehingga aparat melakukan pembubaran dengan mengamankan bendera guna mencegah eskalasi situasi. Freddy menyebut setelahnya, salah satu pelaku kemudian diserahkan kepada pihak kepolisian untuk diproses sesuai hukum yang berlaku. ""Korlap aksi demo menyatakan bahwa kejadian tersebut hanya selisih paham dan sepakat berdamai dengan aparat. TNI menghimbau agar masyarakat tidak mudah terprovokasi oleh informasi yang belum terverifikasi kebenarannya,"" ucap dia.",Politik,Hukum Kriminal
"Forum Solidaritas Hakim Ad Hoc (FSHA) Indonesia bertemu dengan Komisi III DPR untuk melaporkan sejumlah masalah dan beban kerja mereka, termasuk soal tunjangan mereka yang tak naik dalam 13 tahun terakhir. Perwakilan FSHA, Ade Darussalam mengatakan hakim ad hoc selama ini juga tak memiliki gaji pokok. Mereka hanya mendapat penghasilan dari tunjangan kehormatan. ""Hakim ad hoc itu sumber penghasilannya hanya tunjangan kehormatan itu. Tidak punya gaji pokok, tidak punya tunjangan apa pun yang berkaitan dengan tugas pokok fungsinya,"" kata Ade di Kompleks Parlemen Senayan, Jakarta, Rabu (14/1). Ade menyebut besaran tunjangan kehormatan tak berubah dalam 13 tahun terakhir. Padaha dalam undang-undang, kata Ade, hakim ad hoc mestinya turut menerima tunjangan rumah dinas. Tapi, hakim ad hoc harus mengalah jika hakim karir menerima tunjangan rumah dinas yang sama. ""Tepatnya kurang lebih 13 tahun hakim ad hoc itu tidak pernah mengalami perubahan kesejahteraan,"" ujarnya. FSHA juga mengeluhkan status hakim ad hoc yang belum memiliki payung hukum. Akibatnya, kebijakan hakim ad hoc kerap dipertanyakan dan ditafsirkan semena-mena. Wakil Ketua Komisi III DPR, I Wayan Sudirta selaku pimpinan rapat berjanji bakal menindaklanjuti aspirasi para hakim ad hoc. Namun, dia berharap mereka tak melakukan mogok kerja. ""Karena kehadiran saudara, dalam majelis tertentu imperatif, mengikat sifatnya, tanpa kehadiran saudara sidang-sidang enggak bisa berlangsung, boleh dong imbalannya kami menghimbau jangan ada mogok sidang,"" katanya. Sementara, dalam kesimpulannya, Komisi III meminta kementerian terkait dan Mahkamah Agung (MA) mengevaluasi Peraturan Presiden Nomor 5 Tahun 2013 juncto Peraturan Presiden Nomor 42 Tahun 2023 tentang Hak Keuangan dan Fasilitas Hakim Ad Hoc. Evaluasi itu dilakukan khususnya perihal pemenuhan hak fasilitas tunjangan untuk Hakim Ad Hoc, seperti tunjangan keluarga, beras, jaminan kesehatan, dan hak-hak non-gaji lainnya. ""Dua, Komisi III DPR RI meminta MA memberikan perlindungan bagi Hakim Ad Hoc yang melakukan penyampaian aspirasi sepanjang sejalan dengan peraturan perundang-undangan yang berlaku,"" katanya.",Hukum Kriminal,Politik
"Anggota Komisi Percepatan Reformasi Polri (KPRP) Mahfud MD mengatakan pihaknya telah mengantongi total 30 masalah atau masukan selama menggelar serangkaian dengar pendapat umum ( public hearing ) untuk perbaikan institusi kepolisian. Dan, katanya, satu persoalan telah disepakati solusinya oleh KPRP. Persoalan yang telah disepakati itu adalah soal rekrutmen Polri. Mahfud mengatakan KPRP sudah sepakat tak boleh lagi ada 'titipan' atau jatah untuk instansi tertentu dalam rekrutmen Polri. Dalam rumusan rekrutmen Polri yang disepakati KPRP, kata dia, jalur afirmasi disediakan sebagai solusinya. Jalur afirmasi itu mencakup rekrutmen yang mengakomodasi masyarakat dari wilayah Tertinggal, Terdepan dan Terluar (3T). ""Itu kayak Papua itu, nanti dapat jatah sendiri dengan passing grade yang berbeda,"" ujar Mahfud di Kampus UGM, Sleman, DIY, Kamis (15/1). Melalui jalur afirmasi ini, kata Mahfud, rekrutmen anggota Polri juga harus menyediakan kuota bagi perempuan dan anak berprestasi. ""Perempuan harus dapat jatah tertentu. Lalu yang ketiga, orang berprestasi. [Lulusan] SMA yang berprestasi nasional di berbagai bidang akan diberi jatah juga. Itu sudah disepakati,"" tegasnya. Mahfud menekankan skema rekrutmen yang disusun KPRP ini berlaku untuk jalur masuk kepolisian dari tingkat tamtama, bintara, hingga perwira. ""Masalah sudah disepakati bahwa rekrutmen polisi besok tidak boleh ada titip-titipan. Selama ini kan ada jatah khusus, tuh. DPR nitip, Parpol nitip, menteri nitip, ini nitip. Sehingga anaknya polisi sendiri nitip, sehingga banyak rakyat enggak dapat,"" kata eks Menko Polhukam itu. Mahfud mengatakan hasil rumusan yang disusun KPRP atas semua masukan untuk perbaikan institusi Polri ini akan disampaikan ke meja Presiden RI Prabowo Subianto. Sementara, demi memutus rantai titipan dalam rekrutmen polisi, ke depannya nantinya akan diatur lewat peraturan dari Kapolri atau mungkin Peraturan Presiden (Perpres) secepat mungkin. ""Besok enggak boleh lagi (titip), karena itu juga yang merusak meritokrasi,"" kata Mahfud yang dikenal pernah jadi Ketua Mahkamah Konstitusi (MK) itu. Isu lain, selain masalah rekrutmen yang masih dalam pembahasan adalah perihal rotasi dan mutasi di Korps Bhayangkara. Dia bilang KPRP ingin proses rotasi dan mutasi di Korps Bhayangkara didasarkan pada meritokrasi.",Hukum Kriminal,Politik
"Koalisi masyarakat sipil mendesak Presiden Prabowo Subianto untuk mengeluarkan peraturan pemerintah pengganti undang-undang (Perppu) membatalkan pemberlakuan UU KUHAP baru. Desakan itu disampaikan saat Koalisi Masyarakat Sipil untuk Pembaruan KUHAP yang terdiri dari berbagai organisasi sipil menggelar konferensi pers pada hari ini, Sabtu (22/11) di gedung Yayasan Lembaga Bantuan Hukum Indonesia (YLBHI), Jakarta. ""Sangat beralasan, Prabowo sebagai presiden segera menetapkan dan mengeluarkan Perpu, ya. Penundaan dan pembatalan atau perubahan untuk KUHAP,"" kata Direktur YLBHI Muhamad Isnur dalam konferensi pers. DPR mengesahkan KUHAP baru pada awal pekan ini. Setelah disahkan, presiden punya waktu 30 hari untuk menandatangani RUU. Jika tidak, KUHAP itu akan otomatis menjadi undang-undang. KUHAP baru itu dilaporkan mulai berlaku pada awal Januari 2026. Lebih lanjut, Isnur menjabarkan potensi bahaya yang bisa mengganggu asta cita Prabowo jika KUHAP itu diberlakukan. Salah satu poin dalam asta cita tersebut adalah memperkuat reformasi politik, hukum, dan birokrasi, serta memperkuat pencegahan dan pemberantasan korupsi dan narkoba. ""Ini sangat membahayakan agenda pemberantasan narkoba. Karena penyidik BNN akan kehilangan kewenangan menangkap dan menahan tanpa perintah penyidik Polri,"" kata Isnur. KUHAP baru, lanjut dia, juga membahayakan penanganan isu terkait bea cukai, kehutanan, dan Komnas HAM yang sedang menyelidiki kejahatan HAM berat. Dia lalu memberi contoh di Pasal 93, KUHAP menyatakan penyidik pegawai negeri sipil (PPNS) dan penyidik tertentu tak bisa melakukan penangkapan kecuali atas perintah penyidik Polri. Padahal penyidik BNN, sesuai Undang-Undang narkotika, UU No 35 Tahun 2009 Pasal 75, bisa melakukan penangkapan dan penahanan. Sementara itu, di Undang-Undang Perhutanan UU No 41 Tahun 1999 di Pasal 18 serta UU Nomor 18 Tahun 2013 tentang Pencegahan Perusakan Hutan juga disebutkan bahwa polisi perhutanan bisa melakukan penangkapan dan penahanan. Namun, di KUHAP baru pula terdapat Pasal 363 yang menyatakan saat UU ini mulai berlaku, semua ketentuan mengenai peraturan kewenangan dan penyidik tertentu, tetap berlaku, sepanjang tidak bertentangan. ""Nah, situasinya bertentangan. Undang-Undang Narkotika, Undang-Undang Kepabeanan, Undang-Undang Kehutanan menyatakan mereka punya kewenangan. Tapi di Undang-Undang KUHAP, tidak punya kewenangan,"" kata Isnur. Dia lalu berujar, ""Maka Prabowo dengan ini berarti membiarkan terjadi kekacauan dalam penanganan itu. Bahaya sekali.""",Politik,Hukum Kriminal
"Sejumlah tahanan kasus dugaan korupsi menggunakan hak pilih untuk mencoblos pasangan gubernur dan wakil gubernur Jakarta di Rumah Tahanan Negara (Rutan) Cabang KPK , Rabu (27/11). ""Dari total 40 orang tahanan di Rutan KPK, 10 di antaranya tercatat memiliki KTP DKI dan terdaftar sebagai pemilih tetap untuk Pilkada di Wilayah DKI Jakarta,"" ujar Tim Juru Bicara KPK Budi Prasetyo melalui keterangan tertulis, Rabu (27/11). ""Yakni enam orang tahanan di gedung KPK Merah Putih dan empat orang tahanan di gedung KPK C1,"" sambungnya. Sepuluh tahanan tersebut ialah Direktur Utama PT Permana Putra Mandiri (PPM) Ahmad Taufik; Direktur Utama PT Energi Kita Indonesia (EKI) Satrio Wibowo; Pejabat Pembuat Komitmen (PPK) sekaligus Kasubdit Pengawakan dan Perbekalan Direktorat Sarana dan Prasarana Badan SAR periode 2013-2014 Anjar Sulistiyono; Sestama Basarnas periode 2009-2015Max Ruland Boseke; dan mantan pejabat Bea Cukai Andhi Pramono. Selanjutnya Direktur Pengembangan Perumda Pembangunan Sarana Jaya 2019-sekarang Indra Sukmono Arharrys; Komisaris PT Totalindo Eka Persada Saut Irianto Rajagukguk; Direktur PT Envio Global Persada (EGP) Richard Cahyanto; Direktur Pengembangan Bisnis tahun 2019-2020 Sahata Lumban Tobing; dan pengendali PT Mitra Bina Selaras Toras Sotarduga Panggabean. ""Pemungutan suara dilakukan di area dalam Rutan gedung KPK Merah Putih yang berlangsung efektif mulai pukul 11.25 dan selesai pukul 11.40 WIB,"" ucap Budi. Dalam proses pemungutan suara itu, KPK bekerja sama dengan panitia pemungutan suara wilayah Guntur, Jakarta. Terdiri dari Petugas KPPS dua orang, pengawas pemilu satu orang, dan saksi satu orang. ""Pelaksanaan pemungutan suara ini untuk menjamin dan memastikan hak-hak dasar tahanan, salah satunya sebagai pemilih dalam pilkada terpenuhi,"" kata Budi. ""KPK menyampaikan apresiasi dan terima kasih pada para petugas, sehingga prosesnya dapat berjalan lancar dan sesuai asas-asas pemilu,"" tandasnya.",Pemilu,Hukum Kriminal
"Anggota Brimob Polda Aceh Muhammad Rio desersi dan bergabung dengan angkatan bersenjata Rusia . Kepala Bidang Humas Polda Aceh Komisaris Besar Joko Krisdiyanto mengatakan Rio diketahui bergabung dengan tentara Rusia setelah mengirim pesan WhatsApp kepada sejumlah anggota Polda Aceh, Rabu (7/1). Rio diduga mendapatkan imbalan bayaran yang besar sebagai tentara Rusia. ""Isi pesan WhatsApp tersebut berupa dokumentasi foto dan video yang menunjukkan bahwa yang bersangkutan telah bergabung dengan divisi tentara bayaran Rusia, serta menggambarkan proses pendaftaran hingga nominal gaji yang diterima dalam mata uang rubel yang dikonversi ke rupiah,"" kata Joko Krisdiyanto dalam keterangannya, Sabtu (17/1). Provos Polda Aceh, sambungnya, sudah mencari Rio karena tak hadir dalam dinas. Namun, dua kali panggilan yang sudah dilayangkan tak digubris Rio. Provos Brimob juga disebut telah melaporkan Rio ke Bidpropam Polda Aceh dan Brimob juga menerbitkan Daftar Pencarian Orang (DPO). Akibatnya, Rio kini diberhentikan dengan tidak hormat.Dalam Sidang KKEP pada Kamis dan Jumat (8-9/1) lalu, Rio terbukti bersalah dan diputuskan dipecat. ""Putusan sidang berupa sanksi administratif Pemberhentian Tidak Dengan Hormat (PTDH),"" kata Joko. Rio sebelumnya juga telah memiliki riwayat pelanggaran kode etik profesi Polri yakni kasus perselingkuhan hingga menikah siri. Kasus tersebut diputus melalui Sidang KKEP pada 14 Mei 2025 dengan Nomor: PUT KKEP/12/V/2025/KKEPP. Salah satu isi putusan adalah sanksi administratif berupa mutasi demosi selama dua tahun dan penempatan di Yanma Brimob. ""Bripda Muhammad Rio ini pernah bermasalah karena melanggar kode etik profesi Polri. Putusannya berupa mutasi demosi selama dua tahun,"" ujar Joko. Rio sendiri sudah tiga kali menjalani sidang KKEP; satu kali atas kasus perselingkuhan dan dua kali atas kasus disersi serta dugaan keterkaitan dengan tentara Rusia.",Peristiwa,Hukum Kriminal
"Presiden Prabowo Subianto meminta jajaran kejaksaan dan kepolisian untuk melakukan evaluasi dan koreksi terhadap proses penegakan hukum yang dilakukan. Hal itu disampaikan Prabowo dalam acara penyerahan uang sitaan senilai Rp13,2 triliun oleh Kejaksaan Agung (Kejagung) di kasus korupsi persetujuan ekspor Crude Palm Oil (CPO) minyak kelapa sawit periode 2021-2022. ""Ini saya ingatkan karena juga kejaksaan termasuk lembaga yang harus koreksi diri juga,"" ujarnya di Gedung Utama Kejagung, Senin (20/10). Prabowo mengaku masih mendapat laporan terkait aksi jaksa di daerah yang melakukan pelanggaran. Oleh karena itu, ia mengingatkan agar tidak ada lagi aksi kriminalisasi khususnya terhadap rakyat kecil. ""Orang kecil, orang lemah itu hidupnya sudah sangat susah. Jangan diperberat oleh mencari-cari hal yang tidak perlu dicari,"" jelasnya. Ia lantas mencontohkan beberapa kasus yang sempat terjadi seperti penangkapan anak SD karena mencuri ayam. Menurutnya penegakan hukum di kasus tersebut sangat tidak masuk akal. ""Saya ingat benar, ada anak SD, anak di bawah umur ditangkap karena mencuri ayam. Saya ingat benar itu. Ini tidak masuk di akal,"" tuturnya. ""Hakim, Jaksa ada apa ngejar, iya kan. Anda pasti ingat peristiwa itu. Ada lagi ibu-ibu ditangkap mencuri pohon. Mungkin ingat juga peristiwa itu. Ada apa?,"" imbuhnya. Prabowo mengingatkan agar penegakan hukum harus dilakukan dengan mengedepankan hati nurani. Jangan sampai, kata dia, masih ada istilah hukum yang tumpul ke atas dan tajam ke bawah di masyarakat. ""Orang kecil, orang lemah harus dibela, harus dibantu. Kalau perlu si hakim, si jaksa atau si polisi pakai uangnya sendiri ganti ayamnya, anaknya dibantu. Anak itu saya ingat saya panggil tuh ke Hambalang saya kasih beasiswa,"" katanya.",Politik,Hukum Kriminal
"Anggota Komisi VIII DPR RI dari Fraksi PDI Perjuangan, Matindas J Rumambi meminta data kemiskinan nasional diperbaharui pascabencana di Pulau Sumatra . Berdasar laporan Badan Pusat Statistik (BPS) tahun 2025, angka kemiskinan nasional sebesar 8,47 persen (sekitar 23,85 juta orang) dan miskin ekstrem 0,85 persen (sekitar 2.38 juta orang). Angka itu berpotensi naik setelah banjir dan tanah longsor melanda Aceh, Sumatra Utara dan Sumatra Barat. Ia mengatakan bencana tidak hanya menimbulkan kerusakan fisik dan korban jiwa, tetapi juga berdampak langsung pada hilangnya tempat tinggal, mata pencaharian masyarakat, aset produktif, menurunnya daya beli, serta meningkatnya kerentanan sosial-ekonomi. ""Lonjakan angka kemiskinan pascabencana harus menjadi alarm serius bagi pemerintah. Negara wajib memastikan dampak sosial-ekonomi masyarakat terdampak tercatat dan tertangani dengan baik, maka dari itu BPS harus melakukan pemutakhiran data kemiskinan nasional,"" kata Matindas dalam keterangan tertulis, Sabtu (17/1). Ia mengingatkan digitalisasi dan validasi data kemiskinan oleh BPS harus dilakukan secara komprehensif, cepat, dan adaptif terhadap situasi pascabencana. Ia menyebut tanpa data yang mutakhir dan mencerminkan kondisi riil pascabencana, risiko salah sasaran bantuan sangat besar. ""Masyarakat yang tiba-tiba jatuh miskin akibat bencana bisa tidak terjangkau program perlindungan sosial, sementara data lama tidak lagi relevan,"" ujar Matindas. Matindas juga menyoroti pentingnya sinkronisasi data antara BPS, kementerian/lembaga terkait dan pemerintah daerah, agar kelompok masyarakat terdampak bencana dapat segera masuk dalam skema bantuan sosial, rehabilitasi, dan pemberdayaan ekonomi pada Data Tunggal Sosial Ekonomi Nasional (DTSEN). ""Perbaikan data ini diharapkan menjadi fondasi utama dalam penyusunan strategi rehabilitasi dan rekonstruksi ekonomi nasional tahun 2026 agar lebih inklusif dan responsif terhadap krisis,"" ujarnya. Berdasar data BNPB per 17 Januari, bencana di tiga provinsi itu menimbulkan 1.190 korban jiwa. Ada 141 jiwa masih hilang. Adapun total pengungsi mencapai 131 ribu jiwa.",Politik,Peristiwa
"Kapolri Jenderal Listyo Sigit Prabowo menyebut Program Smart City menjadi salah satu pilar utama transformasi pelayanan kepolisian yang berbasis teknologi. Sigit mengatakan program itu dirancang menjadi pusat komando dan kendali untuk mendukung pelaksanaan tugas kepolisian yang terintegrasi, cepat dan berbasis data. Sigit mengklaim Smart City juga berfungsi sebagai penghubung berbagai sistem, perangkat dan pemangku kepentingan dalam memberikan layanan kepolisian kepada masyarakat secara optimal. ""Program Smart City kami tempatkan sebagai pusat komando dan kendali untuk mendukung pelaksanaan tugas kepolisian secara terintegrasi, cepat, dan berbasis data,"" ujarnya dalam Raker dengan Komisi III DPR, Senin (26/1). Dalam pelaksanaannya, Smart City bertugas sebagai monitoring dan command center yang memungkinkan fungsi komando, kendali, komunikasi, serta penyediaan informasi pelayanan masyarakat berjalan secara real time. Dengan sistem itu, kata dia, penanganan situasi di lapangan dapat dilakukan secara lebih terkoordinasi dan terukur. Lebih lanjut, ia mengatakan dukungan teknologi juga disiapkan lewat penyediaan platform yang memungkinkan integrasi data lintas sistem, pemantauan kondisi lapangan, serta analisis situasi secara menyeluruh. Sigit menyebut, manfaat Smart City dapat dirasakan langsung oleh masyarakat, terutama dalam mendukung penanggulangan permasalahan keamanan, keselamatan, ketertiban, dan kelancaran lalu lintas (kamseltibcarlantas), serta pemeliharaan keamanan dan ketertiban masyarakat (kamtibmas). ""Pemanfaatan sistem digital, pemantauan berbasis CCTV, serta analitik data memungkinkan deteksi dini, pencegahan potensi gangguan, dan percepatan penanganan kejadian di lapangan,"" ujarnya. Lebih lanjut, kata Sigit, pengembangan Smart City berbasis Road Safety Policing menjadi bagian dari implementasi program tersebut. Fokusnya adalah peningkatan keselamatan berlalu lintas dan pengelolaan mobilitas masyarakat melalui integrasi data lalu lintas serta pemetaan wilayah rawan kecelakaan. ""Integrasi data lalu lintas dan pemetaan wilayah rawan memungkinkan rekayasa lalu lintas yang lebih tepat, sekaligus menurunkan risiko kecelakaan pada titik-titik kritis,"" tuturnya. Melalui Program Smart City dan dukungan solusi teknologi yang terintegrasi, Sigit menegaskan pelayanan kepolisian ke depan akan semakin responsif, modern dan berorientasi pada kebutuhan nyata masyarakat. ""Program Smart City menjadi fondasi penting dalam penguatan kamseltibcarlantas dan kamtibmas secara berkelanjutan, serta menunjukkan peran teknologi sebagai enabler dalam transformasi layanan publik,"" pungkasnya.",Hukum Kriminal,Peristiwa
"Istana Kepresidenan merespons kabar yang menyebut pemerintahan Prabowo Subianto -Gibran Rakabuming Raka sedang menyusun naskah Rancangan Undang-Undang (RUU) Penanggulangan Disinformasi dan Propaganda Asing . Menteri Sekretaris Negara Prasetyo Hadi menyebut hal itu masih jadi sebatas wacana belaka. ""Belum, belum. Itu kan begini ya, kan semangatnya bagaimana kita itu--apa namanya--bukan kita tidak ingin keterbukaan, tidak,"" kata Pras di Istana Kepresidenan Jakarta, Kamis (15/1). Walaupun demikian, menurut Prasetyo setiap informasi yang disampaikan lewat setiap platform atau sumber lainya harus dapat dipertanggungjawabkan. Lalu, ia juga mengajak seluruh pihak untuk memikirkan berbagai efek yang dari informasi dan komunikasi dari setiap platform. Menurut Pras, perkembangan teknologi harus dibarengi dengan pertanggungjawaban yang tinggi pula. Ia menyebut bahwa perkembangan teknologi yang sangat pesat hari ini tidak boleh dipergunakan untuk hal yang justru membawa dampak negatif ke depan. ""Kalau yang positif kita harus harus melek teknologi, kita harus justru kita harus mau mengejar ketertinggalan dalam hal teknologi,"" ujarnya. Isu penyusunan RUU ini oleh pemerintah sebelumnya disuarakan YLBHI. Mereka juga mengkritik wacana tersebut. YLBHI memandang langkah ini memberi kesan bahwa pemerintah terkesan anti kritik terhadap suara rakyat yang mengangkat fakta-fakta, termasuk dari lembaga-lembaga masyarakat sipil. YLBHI berpendapat wacana ini bertentangan dengan mandat konstitusi Pasal 28F dan 28E UUD 1945 serta Pasal 19 Kovenan Internasional Hak Sipil dan Politik sebagai perlindungan warga negara atas kebebasan berekspresi dan berpendapat. ""Penyusunan UU ini juga datang secara tiba-tiba, tanpa perencanaan dalam Program Legislasi Nasional yang sudah disepakati sebelumnya oleh DPR dan Pemerintah, dilakukan dengan ketertutupan dan ketergesaan,"" ujar mereka dalam siaran pers yang dikutip dari situs resminya, Rabu ini. YLBHI lalu mendesak agar pemerintah menghentikan penyusunan RUU Penanggulangan Disinformasi dan Propagnada Asing itu. Mereka juga menyerukan kepada masyarakat untuk memahami dan bersama ""Dalam dokumen Naskah Akademik yang YLBHI dapatkan juga analisisnya juga sangat tidak klir dan penuh masalah,"" katanya.",Peristiwa,Politik
"Menteri Kehutanan Raja Juli Antoni menemui Direktur Eksekutif The Royal Foundation, Tom Clements di London, bahas pengakuan 1,4 juta hektare hutan adat di Indonesia. Dalam lunch meeting pada Senin (19/1) kemarin, Raja Juli menyampaikan Indonesia berkomitmen penuh melindungi keanekaragaman hayati dunia, mengingat Indonesia merupakan salah satu negara dengan biodiversitas tertinggi di dunia. Ia menyebut komitmen itu dibuktikan lewat penguatan hutan adat, perlindungan satwa liar hingga pemberantasan kejahatan satwa. Raja Juli mengatakan Indonesia juga berkomitmen penuh pada Global Biodiversity Framework. ""Pengakuan hutan adat memberdayakan masyarakat adat dan komunitas lokal sebagai garda terdepan penjaga keanekaragaman hayati,"" ujarnya dalam keterangan tertulis. Ia mengatakan pengakuan hutan adat menjadi pilar utama strategi konservasi nasional. Menurutnya, kebijakan ini memperkuat peran masyarakat adat dan komunitas lokal sebagai penjaga ekosistem. Lebih lanjut, Raja Juli mengatakan Indonesia menargetkan penetapan 1,4 juta hektare hutan adat dengan kemajuan signifikan sepanjang 2025. ""Untuk menjamin kredibilitas dan kualitas, Indonesia telah menerbitkan Pedoman bagi Calon Verifikator Hutan Adat serta melaksanakan program peningkatan kapasitas di berbagai wilayah,"" jelasnya. Selain itu, Raja Juli menjelaskan saat ini Indonesia juga berfokus mengurangi konflik manusia dan satwa liar, khususnya konflik manusia-gajah di Sumatra. ""Peta jalan mitigasi konflik manusia-gajah menargetkan 75 persen konflik dapat dikelola secara efektif dan penurunan risiko hingga 75 persen pada 2030,"" tuturnya. Untuk menekan kejahatan satwa liar, kata dia, patroli di habitat kritis terus ditingkatkan termasuk pada area bandara dan pelabuhan. Serta memulangkan satwa hasil perdagangan ilegal ke habitat alaminya untuk menekan perburuan dan perdagangan satwa liar lintas negara. Terakhir, Raja Juli mengatakan pemerintah juga memperketat penegakan hukum serta bekerja sama dengan platform digital untuk mencegah perdagangan satwa liar secara daring. ""Kami telah menandatangani nota kesepahaman dengan Asosiasi E-Commerce Indonesia untuk mencegah perdagangan ilegal flora dan fauna dilindungi melalui sistem elektronik,"" katanya.",Peristiwa,Politik
"Presiden RI Prabowo Subianto menyampaikan keprihatinan atas musibah bencana alam yang melanda sejumlah daerah di Provinsi Sumatra Utara, Sumatra Barat, dan Aceh. Ia mendoakan agar para korban terdampak banjir diringankan duka dan penderitaannya. ""Pada saat sekarang kita merasakan bahwa ada saudara-saudara kita yang mengalami duka, musibah, akibat bencana alam yang terjadi di beberapa tempat di Nusantara kita ini, yang terakhir di Aceh, Sumatra Utara, dan Sumatra Barat. Tentunya kita berdoa agar mereka senantiasa dilindungi oleh Yang Maha Kuasa, diringankan duka dan penderitaan mereka,"" kata Prabowo dalam pidatonya di Hari Guru Nasional, Jakarta, Jumat (28/11). Prabowo menegaskan pemerintah tak tinggal diam dan bergerak cepat sejak hari pertama kejadian. Ia mengatakan pemerintah menyalurkan bantuan lewat jalur darat maupun udara. Ia mengatakan hal itu guna memastikan bantuan segera sampai ke warga terdampak bencana. ""Tetapi memang kondisinya sangat berat. Banyak yang terputus, cuaca juga masih tidak memungkinkan. Kadang-kadang helikopter dan pesawat kita sulit untuk mendarat,"" ucap dia. Prabowo menyebut sejauh ini pemerintah telah mengirimkan bantuan melalui tiga pesawat Hercules C-130 dan satu pesawat A-400. Ia memastikan pengiriman bantuan akan dilakukan secara terus menerus dengan menyesuaikan kebutuhan di lapangan. Keempat pesawat itu terbang mengirimkan bantuan pada pagi hari ini. Mereka diterbangkan dari Lanud Halim Perdana Kusuma, Jakarta. Seskab Teddy Indra Wijaya menyebut data dari para kepala daerah dijadikan dasar pemerintah pusat menentukan jenis bantuan yang dikirimkan pada pagi ini. Bantuan yang diterbangkan terdiri dari peralatan darurat hingga kebutuhan vital bagi evakuasi dan pemulihan cepat. ""Jadi hari ini diberangkatkan sesuai kebutuhan yakni tenda sebanyak sekitar 150, kemudian ada perahu karet karena sangat penting untuk evakuasi ada sekitar 64, kemudian genset, alat bantu listrik, kemudian yang terpenting juga alat komunikasi diberangkatkan sekitar 100 alat komunikasi kesana agar sinyal komunikasi bisa dimulai kembali. Kemudian juga bahan makanan siap saji, kemudian tim medis dari TNI, kemudian juga dari Kementerian Kesehatan,"" kata Teddy.",Politik,Peristiwa
"Direktorat Lalu Lintas Polda Metro Jaya bakal menerapkan sejumlah rekayasa lalu lintas untuk menghadapi arus balik libur Natal dan Tahun Baru 2026 ( Nataru ) khususnya di jalan tol. Kasat Patroli Jalan Raya (PJR) Direktorat Lalu Lintas Polda Metro Jaya Kompol Dhanar Dhono Vernandhie mengatakan ada lima rencana aksi terkait arus lalu lintas yang sudah disiapkan. ""Pertama yaitu penggelaran di gerbang tol utama yang menerima arus lalu lintas yaitu di Gerbang Tol Cililitan. Halim, Cikunir 8 dan Cikunir 6,"" ujarnya dalam keterangan tertulis, Senin (29/12). Dhanar mengatakan pihaknya juga akan berkoordinasi dengan Jasa Marga untuk memperbanyak layanan MR atau Mobile Reader di Gardu Tol pada saat puncak arus balik Nataru. Selanjutnya, kata dia, akan diterapkan rekayasa lalu lintas berupa contra flow dari mulai kilometer 0 atau samping Gerbang Tol Halim sampai dengan kilometer 8 di Semanggi. ""Kemudian contraflow kedua, merekayasa untuk melakukan penarikan di arus yang terjadi kepadatan,"" tuturnya. Ia menjelaskan pihaknya juga bakal melakukan penyekatan khususnya di Gerbang Tol Cikunir 8 untuk menghentikan laju Truk sumbur 3 yang akan masuk ke Tol JORR. ""Terakhir kami berkoordinasi dengan Jasa Marga. Untuk selalu melakukan sosialisasi pada pengguna jalan tol, kartu e-toll. Sehingga pada saat transaksi di gerbang tol tidak ada hambatan,"" katanya. Di sisi lain, Kabag Ops Direktorat Lalu Lintas Polda Metro Jaya Kompol Robby Hefados menyebut puncak arus balik libur Nataru diprediksi akan terjadi pada 3 Januari 2026 mendatang. Sementara itu, Robby menyatakan saat ini, mobilitas masyarakat untuk yang keluar dari Jakarta sudah cukup landai. Hal ini setelah para pemudik sudah kembali ke kampung halamannya masing-masing yang diketahui puncaknya pada 24 Desember 2025 yang lalu. ""Kemarin puncak-puncaknya itu terjadi pada tanggal 24 Desember, di mana hari terakhir masyarakat kita bekerja di kantor, dan pemberlakuan work from anywhere ,"" jelasnya. Sehingga, lonjakan kendaraan yang mengarah Timur Jawa, Puncak Bogor, dan Merak mengalami lonjakan walaupun tak setinggi saat masa liburan Nataru pada periode 2024. ""Jadi masih bisa kita tangani, masih bisa kita lintasi, masyarakat masih bisa melintas dengan lancar,"" tuturnya.",Hukum Kriminal,Peristiwa
"Terduga pelaku masturbasi di bus TransJakarta berjumlah dua orang. Mereka ini tengah menjalani pemeriksaan Polres Jakarta Utara. Usai ditangkap petugas keamanan di halte TransJakarta, dua orang tersebut dibawa ke polisi karena ada delik pidana. Kasi Humas Polres Metro Jakarta Utara Inspektur Satu Maryati Jonggi mengatakan dua terduga pelaku ditangani unit Perlindungann Perempuan dan Anak (PPA) Satreskrim Polres Jakut. ""HW dan FTR,"" kata kepada wartawan, Jumat (16/1) seperti dilansir dari Detikcom. Polisi saat ini masih melakukan pemeriksaan terhadap keduanya terkait motif pelaku. ""Masih dalam pemeriksaan,"" kata Maryati. Peristiwa itu terjadi di dalam bus TransJakarta koridor 1A rute Balai Kota - Pantai Maju, Kamis (15/1). Saat kejadian penumpang sedang penuh. Dalam video yang beredar dan viral, banyak penumpang berdiri di dalam bus. Mulanya ada seorang penumpang yang curiga dengan bau aneh di dalam bus. Penumpang pria tersebut lalu bertanya ke terduga pelaku. Seorang penumpang lain kemudian sadar di pakaiannya ada cairan putih yang diduga cairan sperma pelaku. Kejadian ini direkam seorang penumpang dan beredar di media sosial dan viral. Kepala Divisi Sekretaris Perusahaan dan Hubungan Masyarakat Transjakarta, Tjahyadi DPM, membenarkan peristiwa tersebut. Dia mengatakan pelaku sudah diserahkan ke kepolisian. ""Iya betul, ada kejadian itu. Karena ini ada aspek pidananya, petugas kami telah menyerahkan pelaku ke pihak yang berwajib,"" ujar Tjahyadi. Pihak Transjakarta menyayangkan tindakan tidak senonoh pelaku di tengah bus yang sedang ramai penumpang. Transjakarta juga berkomitmen untuk meningkatkan pengawasan agar kejadian serupa tidak terulang. ""Secara internal kami akan lakukan briefing ke petugas untuk evaluasi agar kasus serupa tidak terjadi lagi,"" kata Tjahyadi.",Peristiwa,Hukum Kriminal
"Sebanyak 1.659 personel gabungan dikerahkan untuk mengamankan aksi demo buruh lanjutan yang digelar di Silang Selatan Monas, Gambir, Jakarta Pusat, Kamis (8/1). Kapolres Metro Jakarta Pusat Kombes Reynold E.P. Hutagalung mengatakan seluruh personel tidak dibekali senjata api dan mengedepankan pendekatan humanis serta profesional dalam pengamanan aksi demo tersebut. Kata dia, kehadiran aparat semata-mata untuk melayani masyarakat serta menjamin hak konstitusional warga negara dalam menyampaikan aspirasi secara damai. ""Kita hadir untuk melayani saudara-saudara kita yang menyampaikan pendapat. Personel di lapangan tidak membawa senjata api dan diperintahkan untuk selalu mengedepankan sikap humanis, persuasif, dan profesional,"" ujarnya dalam keterangan tertulis. Reynolad turut mengimbau kepada orator dan peserta aksi agar tetap tertib, tidak memprovokasi massa lain, tidak menutup jalan umum serta tidak melakukan tindakan anarkis seperti membakar ban bekas atau merusak fasilitas umum. Di sisi lain, Reynold mengimbau kepada para pengguna jalan untuk mencari jalur alternatif guna menghindari kepadatan lalu lintas selama aksi berlangsung. ""Pengaturan lalu lintas bersifat situasional dan akan disesuaikan dengan eskalasi jumlah massa di lapangan. Kami mohon kerja sama semua pihak agar kegiatan berjalan aman, tertib, dan kondusif,"" pungkasnya. Sebelumnya, Presiden KSPI sekaligus Presiden Partai Buruh, Said Iqbal mengatakan aksi demo lanjutan ini merupakan bentuk perlawanan terhadap kebijakan upah minimum Gubernur DKI Jakarta Pramono Anung dan Gubernur Jawa Barat Dedi Mulyadi yang dinilai melanggar Putusan Mahkamah Konstitusi dan Peraturan Pemerintah tentang Pengupahan, serta memperlebar kesenjangan sosial. ""Ini tentang keadilan, konstitusi, dan masa depan buruh. Ketika pemerintah daerah mengabaikan peraturan terkait pengupahan dan Putusan MK, buruh tidak punya pilihan selain turun ke jalan dan meminta keadilan langsung kepada Presiden,"" kata Said dalam keterangan tertulis, Rabu (7/1). Dalam aksi ini, tuntutan yang akan dibawa adalah, pertama, meminta revisi UMP DKI Jakarta 2026 menjadi 100 persen Kebutuhan Hidup Layak (KHL) sebesar Rp5,89 juta per bulan, serta memberlakukan UMSP DKI 2026 sebesar 5 persen di atas 100 persen KHL. Sedangkan tuntutan kedua, meminta revisi SK Gubernur Jawa Barat tentang penetapan nilai UMSK di 19 kabupaten/kota se-Jawa Barat agar dikembalikan sesuai surat rekomendasi Bupati/Wali Kota masing-masing daerah.",Peristiwa,Politik
"Ketua Umum PBNU Yahya Cholil Staquf alias Gus Yahya mendukung keputusan Indonesia bergabung dewan perdamaian atau board of peace bentukan Presiden AS Donald Trump. ""Pandangan yang kemarin saya sampaikan mengenai Board of Peace , itu terkait dengan nilai-nilai bahwa kita harus terus membantu Palestina,"" kata Yahya di Istora Senayan, Jakarta, Sabtu (31/1). Yahya menyebut sikap yang ia sampaikan itu merupakan pandangan yang sesuai dengan nilai dan prinsip NU. Ia mengakui terjadi perdebatan atas sikap Indonesia yang bergabung ke BoP bentukan Trump tersebut. Yahya mencermati bahwa ada juga pihak yang tak sepakat dengan Indonesia bergabung ke BoP. Namun, Yahya mengakui belum ada alternatif lain yang bisa ditawarkan terkait konsolidasi internasional untuk perdamaian Palestina itu. ""Tetapi persoalannya adalah bahwa saat ini belum ada alternatif platform untuk mengupayakan, untuk membangun suatu upaya internasional dengan konsolidasi internasional untuk perdamaian Palestina,"" ucapnya. Ia mengatakan sejauh ini belum ada alternatif lain dalam konteks upaya Internasional untuk memperjuangkan kemerdekaan Palestina. Gus Yahya pun meyakini sikap pemerintah bergabung BoP itu semata-mata untuk membantu Palestina merebut kemerdekaannya. ""Karena ini baru muncul satu-satunya saat ini, sementara alternatif yang lain belum ada, maka kita, berdasarkan visi dari Proklamasi Kemerdekaan Indonesia, tidak boleh tinggal diam, tidak boleh tidak ikut serta di dalam inisiatif itu,"" ujar dia. Keanggotaan Indonesia dalam BoP belakangan menuai pro kontra di tengah publik. Salah satunya karena Israel bergabung dalam BoP tersebut. Perdana Menteri Benjamin Netanyahu sendiri bersikeras menolak mengakui negara Palestina saat Israel bergabung dengan BoP. Netanyahu mengatakan tak akan mengizinkan pembangunan kembali Gaza atau pendirian Negara Palestina selama belum ada demiliterisasi Hamas. Trump mengumumkan inisiasi Board of Peace pada pekan lalu. Piagam BoP ini ditandatangani sejumlah anggota dalam Forum Economic World (FEW) di Davos, Swiss. Dewan Perdamaian disebut-sebut untuk berfungsi mendorong stabilitas, memulihkan pemerintahan yang bisa diandalkan, serta mengamankan perdamaian abadi di daerah-daerah yang terkena dampak atau terancam oleh konflik. Dalam Piagam BoP, negara-negara anggota bisa sukarela iuran US$1 miliar (sekitar Rp17 triliun) untuk operasional badan. Negara-negara anggota bisa menjadi anggota tetap jika berkenan bayar nominal tersebut.",Peristiwa,Politik
"Pemerintah telah menyiapkan regulasi pemanfaatan kayu gelondongan yang terbawa banjir di Sumatra untuk mendukung percepatan rehabilitasi dan rekonstruksi pasca bencana. Mensesneg Prasetyo Hadi menyampaikan regulasi itu tertuang dalam surat edaran yang dikeluarkan Kemenhut ke seluruh Pemprov dan Pemerintah Kabupaten/Kota. ""Kementerian Kehutanan telah membuat surat edaran yang ditujukan kepada seluruh pemerintah provinsi maupun pemkab/pemkot berkenaan dengan pemanfaatan kayu-kayu jika akan dipergunakan untuk kepentingan rehabilitasi atau rekonstruksi,"" kata Pras di Lanud Halim Perdana Kusuma, Jakarta, Jumat (19/12). Pras menyebut aturan itu juga untuk mengatur pemanfaatan kayu bagi kepentingan pembuatan hunian sementara dan hunian tetap bagi korban. Ia pun menyebut aturan itu disusun guna memastikan pemanfaatan sumber daya alam berjalan tertib, terkoordinasi, dan sesuai aturan. Pras menyampaikan regulasi itu juga telah disosialisasikan ke pemerintah daerah di semua tingkatan agar pelaksanaannya berjalan selaras di lapangan. Ia pun kembali menekankan pemanfaatan kayu oleh masyarakat dimungkinkan. Namun harus tetap dikoordinasikan dengan pemerintah daerah setempat sesuai kewenangannya masing-masing. ""Jadi kalau masyarakat ingin memanfaatkan, tentunya dikoordinasikan dengan pemerintahan terkait di setiap jenjangnya,"" ucap dia. Banjir bandang dan longsor melanda sejumlah wilayah di Pulau Sumatra. Bencana ini mengakibatkan 52 kabupaten/kota di tiga provinsi terdampak. Kini, pemerintah menyiapkan 44.045 unit hunian sementara alias huntara bagi korban banjir bandang dan longsor di Pulau Sumatra. Mengutip keterangan pers Sekretariat Presiden, huntara itu akan disiapkan Badan Nasional Penanggulangan Bencana (BNPB). Keseluruhan unit hunian sementara itu tersebar di tiga provinsi terdampak bencana, yakni Aceh, Sumatra Utara, dan Sumatra Barat. Dengan rincian, di Sumatra Barat sebanyak 2.559 unit, Sumatra Utara 5.158 unit, dan paling banyak di Aceh mencapai 36.328 unit.",Politik,Peristiwa
"Wakil Bupati Risma Ardhi Chandra ditunjuk menjadi pelaksana tugas bupati Pati kepada setelah Bupati Sudewo ditetapkan sebagai tersangka oleh Komisi Pemberantasan Korupsi. ""Saya selaku Pelaksana Harian Gubernur Jawa Tengah memimpin rapat Forkopimda Kabupaten Pati ini sekaligus menyerahkan surat tugas Pelaksana Tugas (Plt) Bupati Pati yang akan dilaksanakan oleh Risma Ardhi Chandra, sedangkan Sekda Pati ditunjuk sebagai Plt Wakil Bupati Pati,"" ujar Wakil Gubernur Jawa Tengah Taj Yasin saat penyerahan surat tugas tersebut bertepatan dengan Rapat Forum Koordinasi Pimpinan Daerah (Forkopimda) Kabupaten Pati di Pendopo Kabupaten Pati, Rabu (21/1). Ia menjelaskan penunjukan Plt Bupati Pati tersebut telah sesuai ketentuan Undang-Undang Nomor 23 Tahun 2014 pasal 66 ayat (1) huruf C, yang mengatur bahwa apabila kepala daerah berhalangan, maka wakil kepala daerah wajib menjalankan roda pemerintahan di daerahnya. Pada kesempatan sama, Taj Yasin menegaskan bahwa rapat Forkopimda juga bertujuan memastikan roda pemerintahan dan pelayanan publik di Kabupaten Pati tetap berjalan normal. Seluruh camat turut diundang untuk menegaskan bahwa pelayanan kepada masyarakat tidak boleh terhenti. ""Kalau bisa justru semakin menambah semangat dalam memberikan pelayanan kepada masyarakat, apalagi Kabupaten Pati saat ini masih menghadapi kondisi bencana banjir dan rob,"" ujarnya. Berdasarkan laporan Plt Bupati dan Kapolresta Pati, jumlah kecamatan terdampak banjir telah menurun dari 12 menjadi enam kecamatan. Kondisi tersebut akan terus dipantau guna memastikan penanganan berjalan optimal. Terkait masa penugasan Plt Bupati Pati, Taj Yasin menyampaikan bahwa sesuai aturan, evaluasi akan dilakukan setelah satu tahun berjalan. Namun demikian, evaluasi juga dapat dilakukan sewaktu-waktu apabila diperlukan di tengah masa penugasan. Sementara itu, Risma Ardhi Chandra yang menerima mandat sebagai Plt Bupati Pati menyampaikan terima kasih atas kepercayaan yang diberikan. Ia juga mengapresiasi dukungan dari Gubernur Jawa Tengah yang telah menugaskan sejumlah staf untuk membantu kinerja Pemerintah Kabupaten Pati. ""Kondisi Kabupaten Pati saat ini memang cukup berat. Amanah yang saya emban ini semoga bisa saya laksanakan dengan sebaik-baiknya,"" ujar Risma. Ia pun meminta dukungan seluruh masyarakat Kabupaten Pati agar situasi dan kondisi daerah tetap kondusif sehingga pemerintahan dapat berjalan lancar dan Kabupaten Pati kembali menjadi daerah yang maju.",Peristiwa,Politik
"Calon Gubernur dan Wakil Gubernur Jakarta nomor urut 1, Ridwan Kamil-Suswono menjanjikan pinjaman modal lewat program kredit mesra bagi penjual kopi keliling alias starling dan warung bakso. Ia menyebut program itu akan memberikan pinjaman tanpa agunan ke starling sebesar Rp500 ribu dan ke warung bakso di angka Rp10 juta. ""Dari Rp500 ribu untuk starling ('starbuck keliling') sampai Rp10 juta untuk warung bakso,"" kata RK dalam keterangannya, Kamis (21/11). RK menjelaskan program Kredit Mesra ini merupakan skema pinjaman produktif yang disalurkan pihak lembaga keuangan ke suatu kelompok tanpa mensyaratkan agunan. Ia mengatakan program ini menyasar golongan unbankable, yakni mereka yang tak memiliki aset untuk dijadikan agunan. ""Perbankan kita tidak bisa memberi pinjaman ke kelompok ini, sehingga mereka lari ke pinjol. Kenapa? Karena pinjol dan rentenir keliling tidak mensyaratkan agunan, tapi bunganya ampun-ampun sampai puluhan persen,"" ujarnya. RK mengaku Kredit Mesra itu bukanlah barang baru bagi dirinya. Dia mengaku menyebut telah berhasil menerapkan program tersebut kala masih menjabat sebagai Gubernur Jawa Barat. RK mengatakan para peminjam disiplin mengangsur dengan tingkat non-performing loan (NPL) yang nyaris nihil. ""Satu kelompok ada lima orang, kalau satu bermasalah, empat bermusyawarah. NPL nyaris nol,"" ucap dia. RK pun optimistis optimis program kredit tanpa agunan ini bisa meningkatkan kehidupan golongan rentan di Jakarta menjadi sejahtera. Ia menyebut masyarakat Jakarta memiliki semangat kewirausahaan yang tinggi, sehingga RK mengaku akan mengoptimalkan peluang tersebut. ""Lebih dari 90 persen usaha di Jakarta itu UMKM dan semangat entrepreneurship di Jakarta ini tinggi sekali. Setiap kali blusukan, saya tanya siapa yang mau usaha, yang antusias angkat tangan itu banyak banget,"" ujarnya.",Pemilu,Politik
